review,index,claimed_authors,claimed_title,claimed_journal,claimed_year,claimed_volume,claimed_pages,claimed_pmid,claimed_doi,EXPERT_verdict (real / field_error/misattribution / fabricated),"EXPERT_fields_wrong (authors,title,journal,year,vol,pages,pmid,doi)",EXPERT_notes
R1,1,"Savarese G, Becher PM, Bowrin J, et al.",Global burden of heart failure: a comprehensive and updated review of epidemiology,Cardiovasc Res,2023,118,3272-3287,35150240,10.1093/cvr/cvac013,field_error,ADJUDICATED: authors (3rd author Bowrin -> Lund),
R1,2,"Cleland JG, Daubert JC, Erdmann E, et al.",The effect of cardiac resynchronization on morbidity and mortality in heart failure,N Engl J Med,2005,352,1539-1549,15753115,10.1056/NEJMoa050499,field_error,ADJUDICATED: doi (NEJMoa050499 -> 050496),
R1,3,"McAlister FA, Ezekowitz J, Hooton N, et al.",Cardiac resynchronization therapy for patients with left ventricular systolic dysfunction: a systematic review,JAMA,2007,297,2502-2514,17565084,10.1001/jama.297.22.2502,misattribution,,
R1,4,"Pappone C, Rosanio S, Burkhoff D, et al.",First human chronic experience with cardiac contractility modulation by nonexcitatory electrical currents for treating systolic heart failure: mid-term safety and efficacy results from a multicenter study,J Cardiovasc Electrophysiol,2004,15,418-427,15086704,10.1046/j.1540-8167.2004.03580.x,misattribution,,
R1,5,"Borggrefe M, Lawo T, Butter C, et al.","Randomized, double-blind single-crossover study of cardiac contractility modulation in patients with heart failure",Eur Heart J,2008,29,1019-1028,18349028,10.1093/eurheartj/ehn102,fabricated,,
R1,6,"Tsch철pe C, Kherad B, Klein O, et al.",Cardiac contractility modulation: mechanisms of action in heart failure with reduced ejection fraction and beyond,Eur J Heart Fail,2019,21,14-22,30485591,10.1002/ejhf.1349,real,,
R1,7,"Butter C, Rastogi S, Minden HH, et al.",Cardiac contractility modulation electrical signals improve myocardial gene expression in patients with heart failure,J Am Coll Cardiol,2008,51,1784-1789,18450125,10.1016/j.jacc.2008.01.045,misattribution,,
R1,8,"Rastogi S, Mishra S, Zhou S, et al.",Cardiac contractility modulation (CCM) signals improve calcium handling and reverse ventricular remodeling in dogs with chronic heart failure,Am J Physiol Heart Circ Physiol,2008,295,H1707-H1715,18723766,10.1152/ajpheart.00207.2008,fabricated,,
R1,9,"Morita H, Suzuki G, Haddad W, et al.",Long-term effects of cardiac contractility modulation on left ventricular function in dogs with moderate heart failure,J Card Fail,2003,9,236-243,12815574,10.1054/jcaf.2003.32,fabricated,,
R1,10,"Hasenfuss G, Pieske B.",Calcium cycling and therapy in heart failure,Eur Heart J,2002,23,1644-1653,12398822,10.1053/euhj.2002.3270,fabricated,,
R1,11,"Kadish A, Nademanee K, Volosin K, et al.",A randomized controlled trial evaluating the safety and efficacy of cardiac contractility modulation in advanced heart failure,Am Heart J,2011,161,329-337.e1,21315216,10.1016/j.ahj.2010.10.025,real,,
R1,12,"Abraham WT, Nademanee K, Volosin K, et al.",Subgroup analysis of a randomized controlled trial evaluating the safety and efficacy of cardiac contractility modulation in advanced heart failure,J Card Fail,2011,17,710-717,21872139,10.1016/j.cardfail.2011.05.006,real,,
R1,13,"Abraham WT, Lindenfeld J, Reddy VY, et al.",A randomized controlled trial to evaluate the safety and efficacy of cardiac contractility modulation in patients with moderately reduced left ventricular ejection fraction and a narrow QRS duration: study rationale and design,J Card Fail,2015,21,16-23,25285748,10.1016/j.cardfail.2014.09.011,real,,
R1,14,"Abraham WT, Kuck KH, Goldsmith RL, et al.",A Randomized Controlled Trial to Evaluate the Safety and Efficacy of Cardiac Contractility Modulation,JACC Heart Fail,2018,6,874-883,29754812,10.1016/j.jchf.2018.04.010,real,,
R1,15,"Wiegn P, Chan R, Jost C, et al.","Safety, Performance, and Efficacy of Cardiac Contractility Modulation Delivered by the 2-Lead Optimizer Smart System: The FIX-HF-5C2 Study",Circ Heart Fail,2020,13,e006512,32264716,10.1161/CIRCHEARTFAILURE.119.006512,real,,
R1,16,"Anker SD, Borggrefe M, Neuser H, et al.",Cardiac contractility modulation improves long-term survival and hospitalizations in heart failure with reduced ejection fraction,Eur J Heart Fail,2019,21,1103-1113,30652394,10.1002/ejhf.1374,real,,
R1,17,"Linde C, Grabowski M, Ponikowski P, et al.",Cardiac contractility modulation therapy improves health status in patients with heart failure with preserved ejection fraction: a pilot study (CCM-HFpEF),Eur J Heart Fail,2022,24,2275-2284,35855646,10.1002/ejhf.2619,real,,
R1,18,"Tsch철pe C, Butler J, Farmakis D, et al.",Clinical effects of cardiac contractility modulation in heart failure with mildly reduced systolic function,ESC Heart Fail,2020,7,3531-3535,33274601,10.1002/ehf2.13126,real,,
R1,19,"McDonagh TA, Metra M, Adamo M, et al.",2021 ESC Guidelines for the diagnosis and treatment of acute and chronic heart failure,Eur Heart J,2021,42,3599-3726,34447992,10.1093/eurheartj/ehab368,real,,
R1,20,"Heidenreich PA, Bozkurt B, Aguilar D, et al.",2022 AHA/ACC/HFSA Guideline for the Management of Heart Failure: A Report of the American College of Cardiology/American Heart Association Joint Committee on Clinical Practice Guidelines,Circulation,2022,145,e895-e1032,35363499,10.1161/CIR.0000000000001063,real,,
R1,21,"Kuschyk J, Falk P, Demming T, et al.",Long-term clinical experience with cardiac contractility modulation therapy delivered by the Optimizer Smart system,Eur J Heart Fail,2021,23,1160-1169,34002440,10.1002/ejhf.2202,real,,
R1,22,"Giallauria F, Cuomo G, Parlato A, et al.",A comprehensive individual patient data meta-analysis of the effects of cardiac contractility modulation on functional capacity and heart failure-related quality of life,ESC Heart Fail,2020,7,2922-2932,32700809,10.1002/ehf2.12902,real,,
R1,23,"Seferovic PM, Ponikowski P, Anker SD, et al.","Clinical practice update on heart failure 2019: pharmacotherapy, procedures, devices and patient management. An expert consensus meeting report of the Heart Failure Association of the European Society of Cardiology",Eur J Heart Fail,2019,21,1169-1186,31129923,10.1002/ejhf.1531,real,,
R1,24,"Kuschyk J, Kloppe A, Schmidt-Schweda S, et al.",Cardiac Contractility Modulation: A Technical Guide for Device Implantation,Rev Cardiovasc Med,2017,18,1월 13일,28509888,10.3909/ricm0825,real,,
R1,25,"Yu CM, Chan JY, Zhang Q, et al.",Impact of cardiac contractility modulation on left ventricular global and regional function and remodeling,JACC Cardiovasc Imaging,2009,2,1341-1349,20083066,10.1016/j.jcmg.2009.07.011,real,,
R1,26,"Goliasch G, Khorsand A, Sch체tz M, et al.",The effect of device-based cardiac contractility modulation therapy on myocardial efficiency and oxidative metabolism in patients with heart failure,Eur J Nucl Med Mol Imaging,2012,39,408-415,22083298,10.1007/s00259-011-1977-8,real,,
R1,27,"Neelagaru SB, Sanchez JE, Lau SK, et al.","Nonexcitatory, cardiac contractility modulation electrical impulses: feasibility study for advanced heart failure in patients with normal QRS duration",Heart Rhythm,2006,3,1140-1147,17018340,10.1016/j.hrthm.2006.06.031,real,,
R1,28,"Tschope C, Van Linthout S, Spillmann F, et al.",Cardiac contractility modulation signals improve exercise intolerance and maladaptive regulation of cardiac key proteins for systolic and diastolic function in HFpEF,Int J Cardiol,2016,203,1061-1066,26524707,10.1016/j.ijcard.2015.10.208,misattribution,,
R1,29,"Kuschyk J, Roeger S, Schneider R, et al.",Efficacy and survival in patients with cardiac contractility modulation: long-term single center experience in 81 patients,Int J Cardiol,2015,183,76-81,25662055,10.1016/j.ijcard.2014.12.178,real,,
R1,30,"Borggrefe M, Burkhoff D.",Clinical effects of cardiac contractility modulation (CCM) as a treatment for chronic heart failure,Eur J Heart Fail,2012,14,703-712,22696514,10.1093/eurjhf/hfs078,real,,
R2,1,"Bozkurt B, Nair AP, Misra A, Scott CZ, Mahar JH, Fedson S","Neprilysin Inhibitors in Heart Failure: The Science, Mechanism of Action, Clinical Studies, and Unanswered Questions",JACC: Basic to Translational Science,2022,8,88-105,36777165,10.1016/j.jacbts.2022.05.010,real,,
R2,2,"McMurray JJV, Packer M, Desai AS, Gong J, Greenlaw N, Lefkowitz M, et al.",Baseline characteristics and treatment of patients in prospective comparison of ARNI with ACEI to determine impact on global mortality and morbidity in heart failure trial (PARADIGM-HF),European Journal of Heart Failure,2014,16,817-825,24828035,10.1002/ejhf.115,real,,
R2,3,"McMurray JJV, Packer M, Desai AS, Gong J, Lefkowitz MP, Rizkala AR, et al.",Angiotensin-neprilysin inhibition versus enalapril in heart failure,The New England Journal of Medicine,2014,371,993-1004,25176015,10.1056/NEJMoa1409077,real,,
R2,4,"Packer M, McMurray JJV, Desai AS, Gong J, Lefkowitz MP, Rizkala AR, et al.",Angiotensin receptor neprilysin inhibition compared with enalapril on the risk of clinical progression in surviving patients with heart failure,Circulation,2015,131,54-61,25403646,10.1161/CIRCULATIONAHA.114.013748,real,,
R2,5,"Jhund PS, Fu M, Bayram E, Chen CH, Negrusz-Kawecka M, Rosenthal A, et al.",Efficacy and safety of LCZ696 (sacubitril-valsartan) according to age: insights from PARADIGM-HF,European Heart Journal,2015,36,2576-2584,26231885,10.1093/eurheartj/ehv330,real,,
R2,6,"Desai AS, McMurray JJ, Packer M, Swedberg K, Rouleau JL, Chen F, et al.",Effect of the angiotensin-receptor-neprilysin inhibitor LCZ696 compared with enalapril on mode of death in heart failure patients,European Heart Journal,2015,36,1990-1997,26022006,10.1093/eurheartj/ehv186,real,,
R2,7,"Seferovic JP, Claggett B, Seidelmann SB, Seely EW, Packer M, Zile MR, et al.",Effect of sacubitril/valsartan versus enalapril on glycaemic control in patients with heart failure and diabetes: a post-hoc analysis from the PARADIGM-HF trial,The Lancet Diabetes & Endocrinology,2017,5,333-340,28330752,10.1016/S2213-8587(17)30087-6,misattribution,,
R2,8,"Lewis EF, Claggett BL, McMurray JJV, Packer M, Lefkowitz MP, Rouleau JL, et al.",Health-Related Quality of Life Outcomes in PARADIGM-HF,Circulation: Heart Failure,2017,10,e003430,28784687,10.1161/CIRCHEARTFAILURE.116.003430,real,,
R2,9,"Lewis EF, Claggett B, Lung J, Packer M, Zile MR, Swedberg K, et al.",Effects of Sacubitril/Valsartan on Physical and Social Activity Limitations in Patients With Heart Failure: A Secondary Analysis of the PARADIGM-HF Trial,JAMA Cardiology,2018,3,505-513,29617523,10.1001/jamacardio.2018.0398,field_error,page,
R2,10,"Damman K, Gori M, Claggett B, Jhund PS, Senni M, Lefkowitz MP, et al.",Renal effects and associated outcomes during angiotensin-neprilysin inhibition in heart failure,JACC: Heart Failure,2018,6,489-498,29853125,10.1016/j.jchf.2018.02.004,misattribution,,
R2,11,"Senni M, McMurray JJV, Wachter R, McIntyre HF, Reyes A, Majercak I, et al.","Initiating sacubitril/valsartan (LCZ696) in heart failure: results of TITRATION, a double-blind, randomized comparison of two uptitration regimens",European Journal of Heart Failure,2016,18,1193-1202,27150798,10.1002/ejhf.548,misattribution,,
R2,12,"Wachter R, Senni M, Belohlavek J, Straburzynska-Migaj E, Witte KK, Kobalava Z, et al.",Initiation of sacubitril/valsartan in haemodynamically stabilised heart failure patients in hospital or early after discharge: primary results of the randomised TRANSITION study,European Journal of Heart Failure,2019,21,998-1007,31131974,10.1002/ejhf.1498,misattribution,,
R2,13,"Velazquez EJ, Morrow DA, DeVore AD, Duffy CI, Ambrosy AP, McCague K, et al.",Angiotensin-neprilysin inhibition in acute decompensated heart failure,The New England Journal of Medicine,2019,380,539-548,30415601,10.1056/NEJMoa1812851,real,,
R2,14,"Januzzi JL Jr, Prescott MF, Butler J, Felker GM, Maisel AS, McCague K, et al.",Association of change in N-terminal pro-B-type natriuretic peptide following initiation of sacubitril-valsartan treatment with cardiac structure and function in patients with heart failure with reduced ejection fraction,JAMA,2019,322,1085-1095,31475295,10.1001/jama.2019.12821,real,,
R2,15,"Desai AS, Solomon SD, Shah AM, Claggett BL, Fang JC, Izzo J, et al.",Effect of sacubitril-valsartan vs enalapril on aortic stiffness in patients with heart failure and reduced ejection fraction: a randomized clinical trial,JAMA,2019,322,1077-1084,31475296,10.1001/jama.2019.12843,real,,
R2,16,"Kang DH, Park SJ, Shin SH, Hong GR, Lee S, Kim MS, et al.",Angiotensin receptor neprilysin inhibitor for functional mitral regurgitation,Circulation,2019,139,1354-1365,30586756,10.1161/CIRCULATIONAHA.118.037077,real,,
R2,17,"Mann DL, Givertz MM, Vader JM, Starling RC, Shah P, McNulty SE, et al.",Effect of treatment with sacubitril/valsartan in patients with advanced heart failure and reduced ejection fraction: a randomized clinical trial,JAMA Cardiology,2022,7,17-25,34730762,10.1001/jamacardio.2021.4567,misattribution,,
R2,18,"Solomon SD, McMurray JJV, Anand IS, Ge J, Lam CSP, Maggioni AP, et al.",Angiotensin-neprilysin inhibition in heart failure with preserved ejection fraction,The New England Journal of Medicine,2019,381,1609-1620,31475211,10.1056/NEJMoa1908655,misattribution,,
R2,19,"McMurray JJV, Jackson AM, Lam CSP, Redfield MM, Anand IS, Ge J, et al.",Effects of sacubitril-valsartan versus valsartan in women compared with men with heart failure and preserved ejection fraction: insights from PARAGON-HF,Circulation,2020,141,338-351,31735077,10.1161/CIRCULATIONAHA.119.044491,misattribution,,
R2,20,"Solomon SD, Vaduganathan M, Claggett BL, Packer M, Zile M, Swedberg K, et al.",Sacubitril/valsartan across the spectrum of ejection fraction in heart failure,Circulation,2020,141,352-361,31735078,10.1161/CIRCULATIONAHA.119.044586,misattribution,,
R2,21,"Mentz RJ, Ward JH, Hernandez AF, Lepage S, Morrow DA, Sarwat S, et al.",Angiotensin-neprilysin inhibition in patients with mildly reduced or preserved ejection fraction and worsening heart failure,Journal of the American College of Cardiology,2023,82,1월 12일,37212758,10.1016/j.jacc.2023.04.019,real,,
R2,22,"Pieske B, Wachter R, Shah SJ, Baldridge A, Szeczoedy P, Ibram G, et al.",Effect of sacubitril/valsartan vs standard medical therapies on plasma NT-proBNP concentration and submaximal exercise capacity in patients with heart failure and preserved ejection fraction: the PARALLAX randomized clinical trial,JAMA,2021,326,1919-1929,34784037,10.1001/jama.2021.18463,misattribution,,
R2,23,"Kommu S, Berg RL",The efficacy and safety of sacubitril/valsartan compared to valsartan in patients with heart failure and mildly reduced and preserved ejection fractions: a systematic review and meta-analysis of randomized controlled trials,Journal of Clinical Medicine,2024,13,1572,38541798,10.3390/jcm13061572,real,,
R2,24,UK HARP-III Collaborative Group,Effects of sacubitril/valsartan versus irbesartan in patients with chronic kidney disease,Circulation,2018,138,1505-1514,30354655,10.1161/CIRCULATIONAHA.118.034818,misattribution,,
R2,25,"Dewan P, Shen L, Pedro Ferreira J, Jhund PS, Anand IS, Chandra A, et al.",Effect of sacubitril/valsartan on cognitive function in patients with heart failure with preserved ejection fraction: a prespecified analysis of PARAGON-HF,Circulation,2024,150,272-282,38841854,10.1161/CIRCULATIONAHA.124.068774,real,,
R2,26,"Pfeffer MA, Claggett B, Lewis EF, Granger CB, K첩ber L, Murad K, et al.",Angiotensin receptor-neprilysin inhibition in acute myocardial infarction,The New England Journal of Medicine,2021,385,1845-1855,34759140,10.1056/NEJMoa2104508,misattribution,,
R2,27,"Gao J, Zhang X, Xu M, Deng S, Chen X",The efficacy and safety of sacubitril/valsartan compared with ACEI/ARB in the treatment of heart failure following acute myocardial infarction: a systematic review and meta-analysis of randomized controlled trials,Frontiers in Pharmacology,2023,14,1237210,37601056,10.3389/fphar.2023.1237210,real,,
R2,28,"Shaddy R, Burch M, Kantor PF, Solar-Yohay S, Garito T, Zhang S, et al.","Sacubitril/valsartan in pediatric heart failure (PANORAMA-HF): a randomized, multicenter, double-blind trial",Circulation,2024,150,1756-1766,39319469,10.1161/CIRCULATIONAHA.123.066605,real,,
R2,29,"McDonagh TA, Metra M, Adamo M, Gardner RS, Baumbach A, B철hm M, et al.",2021 ESC Guidelines for the diagnosis and treatment of acute and chronic heart failure,European Heart Journal,2021,42,3599-3726,34447992,10.1093/eurheartj/ehab368,real,,
R2,30,"Heidenreich PA, Bozkurt B, Aguilar D, Allen LA, Byun JJ, Colvin MM, et al.",2022 AHA/ACC/HFSA Guideline for the Management of Heart Failure: A Report of the American College of Cardiology/American Heart Association Joint Committee on Clinical Practice Guidelines,Circulation,2022,145,e895-e1032,35363386,10.1161/CIR.0000000000001063,misattribution,,
R3,1,"Ormiston JA, Serruys PW, Regar E, et al.",A bioabsorbable everolimus-eluting coronary stent system for patients with single de-novo coronary artery lesions (ABSORB): a prospective open-label trial,Lancet,2008,371,899-907,18342684,10.1016/S0140-6736(08)60415-8,real,,
R3,2,"Serruys PW, Onuma Y, Ormiston JA, et al.",A bioabsorbable everolimus-eluting coronary stent system (ABSORB): 2-year outcomes and results from multiple imaging methods,Lancet,2009,373,897-910,19286089,10.1016/S0140-6736(09)60325-1,field_error,author,공저자 순서바뀜
R3,3,"Serruys PW, Onuma Y, Dudek D, et al.",Evaluation of the second generation of a bioresorbable everolimus-eluting vascular scaffold for the treatment of de novo coronary artery stenosis: 12-month clinical and imaging outcomes,J Am Coll Cardiol,2011,58,1578-1588,21958884,10.1016/j.jacc.2011.05.050,real,,
R3,4,"Ormiston JA, Serruys PW, Onuma Y, et al.",First serial assessment at 6 months and 2 years of the second generation of absorb everolimus-eluting bioresorbable vascular scaffold: a multi-imaging modality study,Circ Cardiovasc Interv,2012,5,620-632,23048057,10.1161/CIRCINTERVENTIONS.112.971549,real,,
R3,5,"Serruys PW, Ormiston J, van Geuns RJ, et al.",A Polylactide Bioresorbable Scaffold Eluting Everolimus for Treatment of Coronary Stenosis: 5-Year Follow-Up,J Am Coll Cardiol,2016,67,766-776,26892411,10.1016/j.jacc.2015.11.060,real,,
R3,6,"Diletti R, Serruys PW, Farooq V, et al.","ABSORB II randomized controlled trial: a clinical evaluation to compare the safety, efficacy, and performance of the Absorb everolimus-eluting bioresorbable vascular scaffold system against the XIENCE everolimus-eluting coronary stent system in the treatment of subjects with ischemic heart disease caused by de novo native coronary artery lesions: rationale and study design",Am Heart J,2012,164,654-663,23137495,10.1016/j.ahj.2012.08.010,real,,
R3,7,"Serruys PW, Chevalier B, Dudek D, et al.",A bioresorbable everolimus-eluting scaffold versus a metallic everolimus-eluting stent for ischaemic heart disease caused by de-novo native coronary artery lesions (ABSORB II): an interim 1-year analysis of clinical and procedural secondary outcomes from a randomised controlled trial,Lancet,2015,385,43-54,25230593,10.1016/S0140-6736(14)61455-0,real,,
R3,8,"Serruys PW, Chevalier B, Sotomi Y, et al.","Comparison of an everolimus-eluting bioresorbable scaffold with an everolimus-eluting metallic stent for the treatment of coronary artery stenosis (ABSORB II): a 3 year, randomised, controlled, single-blind, multicentre clinical trial",Lancet,2016,388,2479-2491,27806897,10.1016/S0140-6736(16)32050-5,real,,
R3,9,"Ellis SG, Kereiakes DJ, Metzger DC, et al.",Everolimus-Eluting Bioresorbable Scaffolds for Coronary Artery Disease,N Engl J Med,2015,373,1905-1915,26457558,10.1056/NEJMoa1509038,real,,
R3,10,"Kereiakes DJ, Ellis SG, Metzger C, et al.",3-Year Clinical Outcomes With Everolimus-Eluting Bioresorbable Coronary Scaffolds: The ABSORB III Trial,J Am Coll Cardiol,2017,70,2852-2862,29100702,10.1016/j.jacc.2017.10.010,real,,
R3,11,"Stone GW, Ellis SG, Gori T, et al.",Blinded outcomes and angina assessment of coronary bioresorbable scaffolds: 30-day and 1-year results from the ABSORB IV randomised trial,Lancet,2018,392,1530-1540,30266412,10.1016/S0140-6736(18)32283-9,real,,
R3,12,"Stone GW, Kereiakes DJ, Gori T, et al.",5-Year Outcomes After Bioresorbable Coronary Scaffolds Implanted With Improved Technique,J Am Coll Cardiol,2023,82,183-195,37207924,10.1016/j.jacc.2023.05.003,real,,
R3,13,"Kimura T, Kozuma K, Tanabe K, et al.",A randomized trial evaluating everolimus-eluting Absorb bioresorbable scaffolds vs everolimus-eluting metallic stents in patients with coronary artery disease: ABSORB Japan,Eur Heart J,2015,36,3332-3342,26330489,10.1093/eurheartj/ehv435,misattribution,,
R3,14,"Gao R, Yang Y, Han Y, et al.",Bioresorbable Vascular Scaffolds Versus Metallic Stents in Patients With Coronary Artery Disease: ABSORB China Trial,J Am Coll Cardiol,2015,66,2298-2309,26457557,10.1016/j.jacc.2015.09.054,misattribution,,
R3,15,"Abizaid A, Ribamar Costa J Jr, Bartorelli AL, et al.",The ABSORB EXTEND study: preliminary report of the twelve-month clinical outcomes in the first 512 patients enrolled,EuroIntervention,2015,10,1396-1401,25599616,10.4244/EIJV10I12A243,misattribution,,
R3,16,"Sabat챕 M, Windecker S, I챰iguez A, et al.",Everolimus-eluting bioresorbable stent vs durable polymer everolimus-eluting metallic stent in patients with ST-segment elevation myocardial infarction: results of the randomized ABSORB ST-segment elevation myocardial infarction-TROFI II trial,Eur Heart J,2016,37,229-240,26405233,10.1093/eurheartj/ehv500,misattribution,,
R3,17,"Wykrzykowska JJ, Kraak RP, Hofma SH, et al.",Bioresorbable Scaffolds versus Metallic Stents in Routine PCI,N Engl J Med,2017,376,2319-2328,28402237,10.1056/NEJMoa1614954,real,,
R3,18,"Puricel S, Cuculi F, Weissner M, et al.","Bioresorbable Coronary Scaffold Thrombosis: Multicenter Comprehensive Analysis of Clinical Presentation, Mechanisms, and Predictors",J Am Coll Cardiol,2016,67,921-931,26916484,10.1016/j.jacc.2015.12.019,misattribution,,
R3,19,"Stone GW, Abizaid A, Onuma Y, et al.",Effect of Technique on Outcomes Following Bioresorbable Vascular Scaffold Implantation: Analysis From the ABSORB Trials,J Am Coll Cardiol,2017,70,2863-2874,29100704,10.1016/j.jacc.2017.09.1106,real,,
R3,20,"Bangalore S, Bezerra HG, Rizik DG, et al.",The State of the Absorb Bioresorbable Scaffold: Consensus From an Expert Panel,JACC Cardiovasc Interv,2017,10,2349-2359,29216997,10.1016/j.jcin.2017.09.041,real,,
R3,21,"Sorrentino S, Giustino G, Mehran R, et al.",Everolimus-Eluting Bioresorbable Scaffolds Versus Everolimus-Eluting Metallic Stents,J Am Coll Cardiol,2017,69,3055-3066,28412389,10.1016/j.jacc.2017.04.011,real,,
R3,22,"Mahmoud AN, Barakat AF, Elgendy AY, et al.",Long-Term Efficacy and Safety of Everolimus-Eluting Bioresorbable Vascular Scaffolds Versus Everolimus-Eluting Metallic Stents: A Meta-Analysis of Randomized Trials,Circ Cardiovasc Interv,2017,10,e005286,28468954,10.1161/CIRCINTERVENTIONS.117.005286,real,,
R3,23,"Cassese S, Byrne RA, J체ni P, et al.",Midterm clinical outcomes with everolimus-eluting bioresorbable scaffolds versus everolimus-eluting metallic stents for percutaneous coronary interventions: a meta-analysis of randomised trials,EuroIntervention,2018,13,1565-1573,28671552,10.4244/EIJ-D-17-00492,real,,
R3,24,"Power DA, Camaj A, Kereiakes DJ, et al.",Early and Late Outcomes With the Absorb Bioresorbable Vascular Scaffold: Final Report From the ABSORB Clinical Trial Program,JACC Cardiovasc Interv,2025,18,1월 11일,39814482,10.1016/j.jcin.2024.08.050,real,,
R3,25,"Erbel R, Di Mario C, Bartunek J, et al.","Temporary scaffolding of coronary arteries with bioabsorbable magnesium stents: a prospective, non-randomised multicentre trial",Lancet,2007,369,1869-1875,17544767,10.1016/S0140-6736(07)60853-8,real,,
R3,26,"Haude M, Erbel R, Erne P, et al.","Safety and performance of the drug-eluting absorbable metal scaffold (DREAMS) in patients with de-novo coronary lesions: 12 month results of the prospective, multicentre, first-in-man BIOSOLVE-I trial",Lancet,2013,381,836-844,23332165,10.1016/S0140-6736(12)61765-6,real,,
R3,27,"Haude M, Ince H, Abizaid A, et al.","Safety and performance of the second-generation drug-eluting absorbable metal scaffold in patients with de-novo coronary artery lesions (BIOSOLVE-II): 6 month results of a prospective, multicentre, non-randomised, first-in-man trial",Lancet,2016,387,31-39,26470647,10.1016/S0140-6736(15)00447-X,real,,
R3,28,"Garcia-Garcia HM, Haude M, Kuku K, et al.",In vivo serial invasive imaging of the second-generation drug-eluting absorbable metal scaffold (Magmaris - DREAMS 2G) in de novo coronary lesions: Insights from the BIOSOLVE-II First-In-Man Trial,Int J Cardiol,2018,255,22-28,29292064,10.1016/j.ijcard.2017.12.053,real,,
R3,29,"Sabat챕 M, Alfonso F, Cequier A, et al.",Magnesium-Based Resorbable Scaffold Versus Permanent Metallic Sirolimus-Eluting Stent in Patients With ST-Segment Elevation Myocardial Infarction: The MAGSTEMI Randomized Clinical Trial,Circulation,2019,140,1904-1916,31553204,10.1161/CIRCULATIONAHA.119.043467,real,,
R3,30,"Ortega-Paz L, Brugaletta S, Gomez-Lara J, et al.",Magnesium-based resorbable scaffold vs permanent metallic sirolimus-eluting stent in patients with ST-segment elevation myocardial infarction: 3-year results of the MAGSTEMI randomised controlled trial,EuroIntervention,2022,18,e389-e396,35225793,10.4244/EIJ-D-21-00651,real,,
R4,1,"Blackshear JL, Odell JA",Appendage obliteration to reduce stroke in cardiac surgical patients with atrial fibrillation,Ann Thorac Surg,1996,61,755-759,8572814,10.1016/0003-4975(95)00887-X,real,,
R4,2,"Hart RG, Pearce LA, Aguilar MI",Meta-analysis: antithrombotic therapy to prevent stroke in patients who have nonvalvular atrial fibrillation,Ann Intern Med,2007,146,857-867,17577005,10.7326/0003-4819-146-12-200706190-00007,real,,
R4,3,"Connolly SJ, Ezekowitz MD, Yusuf S, et al.",Dabigatran versus warfarin in patients with atrial fibrillation,N Engl J Med,2009,361,1139-1151,19717844,10.1056/NEJMoa0905561,real,,
R4,4,"Granger CB, Alexander JH, McMurray JJV, et al.",Apixaban versus warfarin in patients with atrial fibrillation,N Engl J Med,2011,365,981-992,21870978,10.1056/NEJMoa1107039,real,,
R4,5,"Holmes DR, Reddy VY, Turi ZG, et al.",Percutaneous closure of the left atrial appendage versus warfarin therapy for prevention of stroke in patients with atrial fibrillation: a randomised non-inferiority trial,Lancet,2009,374,534-542,19683639,10.1016/S0140-6736(09)61343-X,real,,
R4,6,"Holmes DR Jr, Kar S, Price MJ, et al.",Prospective randomized evaluation of the Watchman Left Atrial Appendage Closure device in patients with atrial fibrillation versus long-term warfarin therapy: the PREVAIL trial,J Am Coll Cardiol,2014,64,1월 12일,24998121,10.1016/j.jacc.2014.04.029,real,,
R4,7,"Reddy VY, Sievert H, Halperin J, et al.",Percutaneous left atrial appendage closure vs warfarin for atrial fibrillation: a randomized clinical trial,JAMA,2014,312,1988-1998,25399274,10.1001/jama.2014.15192,real,,
R4,8,"Reddy VY, Doshi SK, Kar S, et al.",5-Year Outcomes After Left Atrial Appendage Closure: From the PREVAIL and PROTECT AF Trials,J Am Coll Cardiol,2017,70,2964-2975,29103847,10.1016/j.jacc.2017.10.021,real,,
R4,9,"Boersma LV, Schmidt B, Betts TR, et al.",Implant success and safety of left atrial appendage closure with the WATCHMAN device: peri-procedural outcomes from the EWOLUTION registry,Eur Heart J,2016,37,2465-2474,26822918,10.1093/eurheartj/ehv730,real,,
R4,10,"Freeman JV, Varosy P, Price MJ, et al.",The NCDR Left Atrial Appendage Occlusion Registry,J Am Coll Cardiol,2020,75,1503-1518,32238316,10.1016/j.jacc.2019.12.040,real,,
R4,11,"Tzikas A, Shakir S, Gafoor S, et al.",Left atrial appendage occlusion for stroke prevention in atrial fibrillation: multicentre experience with the AMPLATZER Cardiac Plug,EuroIntervention,2016,11,1170-1179,25604089,10.4244/EIJY15M01_06,real,,
R4,12,"Lakkireddy D, Thaler D, Ellis CR, et al.","Amplatzer Amulet Left Atrial Appendage Occluder Versus Watchman Device for Stroke Prophylaxis (Amulet IDE): A Randomized, Controlled Trial",Circulation,2021,144,1543-1552,34459659,10.1161/CIRCULATIONAHA.121.057063,real,,
R4,13,"Lakkireddy D, Thaler D, Ellis CR, et al.",3-Year Outcomes From the Amplatzer Amulet Left Atrial Appendage Occluder Randomized Controlled Trial (Amulet IDE),JACC Cardiovasc Interv,2023,16,1902-1913,37587599,10.1016/j.jcin.2023.06.022,real,,
R4,14,"Kar S, Doshi SK, Sadhu A, et al.",Primary Outcome Evaluation of a Next-Generation Left Atrial Appendage Closure Device: Results From the PINNACLE FLX Trial,Circulation,2021,143,1754-1762,33820423,10.1161/CIRCULATIONAHA.120.050117,real,,
R4,15,"Huang H, Liu Y, Xu Y, et al.","Percutaneous Left Atrial Appendage Closure With the LAmbre Device for Stroke Prevention in Atrial Fibrillation: A Prospective, Multicenter Clinical Study",JACC Cardiovasc Interv,2017,10,2188-2194,29122579,10.1016/j.jcin.2017.06.072,misattribution,,
R4,16,"Bartus K, Han FT, Bednarek J, et al.",Percutaneous left atrial appendage suture ligation using the LARIAT device in patients with atrial fibrillation: initial clinical experience,J Am Coll Cardiol,2013,62,108-118,23062528,10.1016/j.jacc.2012.06.046,real,,
R4,17,"Lakkireddy D, Afzal MR, Lee RJ, et al.",Short and long-term outcomes of percutaneous left atrial appendage suture ligation: Results from a US multicenter evaluation,Heart Rhythm,2016,13,1030-1036,26872554,10.1016/j.hrthm.2016.01.022,real,,
R4,18,"Osmancik P, Herman D, Neuzil P, et al.",Left Atrial Appendage Closure Versus Direct Oral Anticoagulants in High-Risk Patients With Atrial Fibrillation,J Am Coll Cardiol,2020,75,3122-3135,32586585,10.1016/j.jacc.2020.04.067,real,,
R4,19,"Osmancik P, Herman D, Neuzil P, et al.",4-Year Outcomes After Left Atrial Appendage Closure Versus Nonwarfarin Oral Anticoagulation for Atrial Fibrillation,J Am Coll Cardiol,2022,79,1월 14일,34748929,10.1016/j.jacc.2021.10.023,real,,
R4,20,"Glikson M, Wolff R, Hindricks G, et al.",EHRA/EAPCI expert consensus statement on catheter-based left atrial appendage occlusion - an update,Europace,2020,22,184,31504441,10.1093/europace/euz258,real,,
R4,21,"Hindricks G, Potpara T, Dagres N, et al.",2020 ESC Guidelines for the diagnosis and management of atrial fibrillation developed in collaboration with the European Association for Cardio-Thoracic Surgery (EACTS),Eur Heart J,2021,42,373-498,32860505,10.1093/eurheartj/ehaa612,real,,
R4,22,"January CT, Wann LS, Calkins H, et al.",2019 AHA/ACC/HRS Focused Update of the 2014 AHA/ACC/HRS Guideline for the Management of Patients With Atrial Fibrillation,Circulation,2019,140,e125-e151,30689436,10.1161/CIR.0000000000000665,misattribution,,
R4,23,"Dukkipati SR, Kar S, Holmes DR, et al.","Device-Related Thrombus After Left Atrial Appendage Closure: Incidence, Predictors, and Outcomes",Circulation,2018,138,874-885,29752398,10.1161/CIRCULATIONAHA.118.035090,real,,
R4,24,"Alkhouli M, De Backer O, Ellis CR, et al.","Peridevice Leak After Left Atrial Appendage Occlusion: Incidence, Mechanisms, Clinical Impact, and Management",JACC Cardiovasc Interv,2023,16,627-642,36990553,10.1016/j.jcin.2022.12.006,real,,
R4,25,"Dukkipati SR, Holmes DR Jr, Doshi SK, et al.",Impact of Peridevice Leak on 5-Year Outcomes After Left Atrial Appendage Closure,J Am Coll Cardiol,2022,80,469-483,35902169,10.1016/j.jacc.2022.04.062,real,,
R4,26,"Fauchier L, Cinaud A, Brigadeau F, et al.",Device-Related Thrombosis After Percutaneous Left Atrial Appendage Occlusion for Atrial Fibrillation,J Am Coll Cardiol,2018,71,1528-1536,29622156,10.1016/j.jacc.2018.01.076,misattribution,,
R4,27,"Ferro EG, Alkhouli M, Nair DG, et al.",Intracardiac vs Transesophageal Echocardiography for Left Atrial Appendage Occlusion With Watchman FLX in the U.S.,JACC Clin Electrophysiol,2023,9,2587-2599,37831030,10.1016/j.jacep.2023.08.004,real,,
R4,28,"Korsholm K, Berti S, Iriart X, et al.",Expert Recommendations on Cardiac Computed Tomography for Planning Transcatheter Left Atrial Appendage Occlusion,JACC Cardiovasc Interv,2020,13,277-292,31678086,10.1016/j.jcin.2019.08.054,real,,
R4,29,"Whitlock RP, Belley-Cote EP, Paparella D, et al.",Left atrial appendage occlusion during cardiac surgery to prevent stroke,N Engl J Med,2021,384,2081-2091,33999547,10.1056/NEJMoa2101897,real,,
R4,30,"Alkhouli M, Alarouri H, Kramer A, et al.","Device-Related Thrombus After Left Atrial Appendage Occlusion: Clinical Impact, Predictors, Classification, and Management",JACC Cardiovasc Interv,2023,16,2695-2707,38030357,10.1016/j.jcin.2023.10.046,real,,
R5,1,"Ponikowski P, Voors AA, Anker SD, et al.",2016 ESC Guidelines for the diagnosis and treatment of acute and chronic heart failure,European Heart Journal,2016,37,2129-2200,27206819,10.1093/eurheartj/ehw128,real,,부재
R5,2,"Tsch철pe C, Kherad B, Klein O, et al.",Cardiac contractility modulation: mechanisms of action in heart failure with reduced ejection fraction and beyond,European Journal of Heart Failure,2019,21,14-22,30485591,10.1002/ejhf.1349,real,,
R5,3,"Abi-Samra F, Gutterman D.",Cardiac contractility modulation: a novel approach for the treatment of heart failure,Heart Failure Reviews,2016,21,645-660,27394714,10.1007/s10741-016-9571-6,real,,
R5,4,"Wiegn P, Chan R, Jost C, et al.","Safety, performance, and efficacy of cardiac contractility modulation delivered by the 2-lead Optimizer Smart System: the FIX-HF-5C2 study",Circulation: Heart Failure,2020,13,e006512,32268807,10.1161/CIRCHEARTFAILURE.119.006512,misattribution,,
R5,5,"Tsch철pe C, Kherad B, Klein O, et al.",Cardiac contractility modulation: mechanisms of action in heart failure with reduced ejection fraction and beyond,European Journal of Heart Failure,2019,21,14-22,30485591,10.1002/ejhf.1349,real,,
R5,6,"Imai M, Rastogi S, Gupta RC, et al.",Therapy with cardiac contractility modulation electrical signals improves left ventricular function and remodeling in dogs with chronic heart failure,Journal of the American College of Cardiology,2007,49,2120-2128,17531662,10.1016/j.jacc.2006.10.082,real,,
R5,7,"Butter C, Wellnhofer E, Schlegl M, et al.",Enhanced inotropic state of the failing left ventricle by cardiac contractility modulation electrical signals is not associated with increased myocardial oxygen consumption,Journal of Cardiac Failure,2007,13,137-142,17395055,10.1016/j.cardfail.2006.11.004,real,,
R5,8,"Borggrefe MM, Lawo T, Butter C, et al.","Randomized, double blind study of non-excitatory, cardiac contractility modulation electrical impulses for symptomatic heart failure",European Heart Journal,2008,29,1019-1028,18270213,10.1093/eurheartj/ehn020,real,,
R5,9,"Kadish A, Nademanee K, Volosin K, et al.",A randomized controlled trial evaluating the safety and efficacy of cardiac contractility modulation in advanced heart failure,American Heart Journal,2011,161,329-337.e1-2,21315216,10.1016/j.ahj.2010.10.025,real,,
R5,10,"Abraham WT, Burkhoff D, Nademanee K, et al.","A randomized controlled trial to evaluate the safety and efficacy of cardiac contractility modulation in patients with systolic heart failure: rationale, design, and baseline patient characteristics",American Heart Journal,2008,156,641-648.e1,18926146,10.1016/j.ahj.2008.05.019,real,,
R5,11,"Abraham WT, Kuck KH, Goldsmith RL, et al.",A randomized controlled trial to evaluate the safety and efficacy of cardiac contractility modulation,JACC: Heart Failure,2018,6,874-883,30098964,10.1016/j.jchf.2018.04.010,misattribution,,
R5,12,"Abraham WT, Nademanee K, Volosin K, et al.",Subgroup analysis of a randomized controlled trial evaluating the safety and efficacy of cardiac contractility modulation in advanced heart failure,Journal of Cardiac Failure,2011,17,710-717,21872139,10.1016/j.cardfail.2011.05.006,real,,
R5,13,"Abraham WT, Kuck KH, Goldsmith RL, et al.",A randomized controlled trial to evaluate the safety and efficacy of cardiac contractility modulation,JACC: Heart Failure,2018,6,874-883,30098964,10.1016/j.jchf.2018.04.010,misattribution,ADJUDICATED: pmid 30098964 -> unrelated diabetes paper,
R5,14,"Wiegn P, Chan R, Jost C, et al.","Safety, performance, and efficacy of cardiac contractility modulation delivered by the 2-lead Optimizer Smart System: the FIX-HF-5C2 study",Circulation: Heart Failure,2020,13,e006512,32268807,10.1161/CIRCHEARTFAILURE.119.006512,misattribution,,
R5,15,"Giallauria F, Cuomo G, Parlato A, Raval NY, Kuschyk J, Stewart Coats AJ.",A comprehensive individual patient data meta-analysis of the effects of cardiac contractility modulation on functional capacity and heart failure-related quality of life,ESC Heart Failure,2020,7,2922-2932,32700809,10.1002/ehf2.12902,real,,
R5,16,"Kuschyk J, Falk P, Demming T, et al.",Long-term clinical experience with cardiac contractility modulation therapy delivered by the Optimizer Smart system,European Journal of Heart Failure,2021,23,1160-1169,34002440,10.1002/ejhf.2202,real,,
R5,17,"Pocock SJ, Ariti CA, McMurray JJ, et al.",Predicting survival in heart failure: a risk score based on 39 372 patients from 30 studies,European Heart Journal,2013,34,1404-1413,23095984,10.1093/eurheartj/ehs337,real,,
R5,18,"Anker SD, Borggrefe M, Neuser H, et al.",Cardiac contractility modulation improves long-term survival and hospitalizations in heart failure with reduced ejection fraction,European Journal of Heart Failure,2019,21,1103-1113,31063261,10.1002/ejhf.1374,misattribution,,
R5,19,"Kuschyk J, Roeger S, Schneider R, et al.",Efficacy and survival in patients with cardiac contractility modulation: long-term single center experience in 81 patients,International Journal of Cardiology,2015,183,76-81,25662055,10.1016/j.ijcard.2014.12.178,real,,
R5,20,"Neelagaru SB, Sanchez JE, Lau SK, et al.","Nonexcitatory, cardiac contractility modulation electrical impulses: feasibility study for advanced heart failure in patients with normal QRS duration",Heart Rhythm,2006,3,1140-1147,17018340,10.1016/j.hrthm.2006.06.031,real,,
R5,21,"M체ller D, Remppis A, Schauerte P, et al.",Clinical effects of long-term cardiac contractility modulation (CCM) in subjects with heart failure caused by left ventricular systolic dysfunction,Clinical Research in Cardiology,2017,106,893-904,28685207,10.1007/s00392-017-1135-9,real,,
R5,22,"Tsch철pe C, Van Linthout S, Spillmann F, et al.",Cardiac contractility modulation signals improve exercise intolerance and maladaptive regulation of cardiac key proteins for systolic and diastolic function in HFpEF,International Journal of Cardiology,2016,203,1061-1066,26638055,10.1016/j.ijcard.2015.10.208,real,,
R5,23,"Linde C, Grabowski M, Ponikowski P, Rao I, Stagg A, Tsch철pe C.",Cardiac contractility modulation therapy improves health status in patients with heart failure with preserved ejection fraction: a pilot study (CCM-HFpEF),European Journal of Heart Failure,2022,24,2275-2284,35855646,10.1002/ejhf.2619,real,,
R5,24,"Fastner C, Varma N, Yuecel G, et al.",Cardiac contractility modulation in heart failure with reduced ejection fraction patients with QRS duration 120-149 ms: reduction in heart failure hospitalizations and improvement in functional outcome,Heart Rhythm,2025,22,406-414,39299597,10.1016/j.hrthm.2024.09.022,misattribution,"author, page, pmid, doi",misattribution 이기도 하면서 field-error 이기도 함. 
R5,25,"Borggrefe M, Burkhoff D.",Clinical effects of cardiac contractility modulation (CCM) as a treatment for chronic heart failure,European Journal of Heart Failure,2012,14,703-712,22678740,10.1093/eurjhf/hfs078,misattribution,ADJUDICATED: pmid 22678740 -> unrelated CT case report,
R5,26,"Giallauria F, Vigorito C, Piepoli MF, Stewart Coats AJ.",Effects of cardiac contractility modulation by non-excitatory electrical stimulation on exercise capacity and quality of life: an individual patient's data meta-analysis of randomized controlled trials,International Journal of Cardiology,2014,175,352-357,24975782,10.1016/j.ijcard.2014.06.005,real,,
R5,27,"Mando R, Goel A, Habash F, et al.",Cardiac contractility modulation for heart failure: current and future directions,Journal of the Society for Cardiovascular Angiography & Interventions,2023,2,101206,39131073,10.1016/j.jscai.2023.101206,misattribution,"author, page, pmid, doi",misattribution 이기도 하면서 field-error 이기도 함. 
R5,28,"Heidenreich PA, Bozkurt B, Aguilar D, et al.",2022 AHA/ACC/HFSA Guideline for the Management of Heart Failure: A Report of the American College of Cardiology/American Heart Association Joint Committee on Clinical Practice Guidelines,Circulation,2022,145,e895-e1032,35363499,10.1161/CIR.0000000000001063,real,,
R5,29,"Ponikowski P, Voors AA, Anker SD, et al.",2016 ESC Guidelines for the diagnosis and treatment of acute and chronic heart failure,European Heart Journal,2016,37,2129-2200,27206819,10.1093/eurheartj/ehw128,real,,
R5,30,"McDonagh TA, Metra M, Adamo M, et al.",2021 ESC Guidelines for the diagnosis and treatment of acute and chronic heart failure,European Heart Journal,2021,42,3599-3726,34447992,10.1093/eurheartj/ehab368,real,,
R6,1,"Halabi M, Ratnayaka K, Faranesh AZ, Chen MY, Schenke WH, Lederman RJ",Aortic access from the vena cava for large caliber transcatheter cardiovascular interventions: pre-clinical validation,J Am Coll Cardiol,2013,61,1745-1746,23500317,10.1016/j.jacc.2013.01.057,real,,
R6,2,"Greenbaum AB, O'Neill WW, Paone G, Guerrero ME, Wyman JF, Cooper RL, Lederman RJ",Caval-aortic access to allow transcatheter aortic valve replacement in otherwise ineligible patients: initial human experience,J Am Coll Cardiol,2014,63,2795-2804,24814495,10.1016/j.jacc.2014.04.015,real,,
R6,3,"Lederman RJ, Chen MY, Rogers T, Wang DD, Paone G, Guerrero M, O'Neill WW, Greenbaum AB",Planning transcaval access using CT for large transcatheter implants,JACC Cardiovasc Imaging,2014,7,1167-1171,25459598,10.1016/j.jcmg.2014.05.015,real,,
R6,4,"Lederman RJ, Greenbaum AB, Rogers T, Khan JM, Fusari M, Chen MY",Anatomic suitability for transcaval access based on computed tomography,JACC Cardiovasc Interv,2017,10,1월 10일,28057275,10.1016/j.jcin.2016.09.002,real,,
R6,5,"Greenbaum AB, Babaliaros VC, Chen MY, Stine AM, Rogers T, O'Neill WW, et al.",Transcaval access and closure for transcatheter aortic valve replacement: a prospective investigation,J Am Coll Cardiol,2017,69,511-521,27989885,10.1016/j.jacc.2016.10.024,real,,
R6,6,"Lederman RJ, Babaliaros VC, Rogers T, Stine AM, Chen MY, Muhammad KI, et al.",The fate of transcaval access tracts: 12-month results of the prospective NHLBI Transcaval Transcatheter Aortic Valve Replacement Study,JACC Cardiovasc Interv,2019,12,448-456,30846083,10.1016/j.jcin.2018.11.035,real,,
R6,7,"Costa G, De Backer O, Pilgrim T, et al.",Feasibility and safety of transcaval transcatheter aortic valve implantation: a multicentre European registry,EuroIntervention,2020,15,e1319-e1324,31659987,10.4244/EIJ-D-19-00797,real,,
R6,8,"Barbash IM, Segev A, Berkovitch A, Fefer P, Maor E, Elian D, Regev E, Guetta V",Clinical outcome and safety of transcaval access for transcatheter aortic valve replacement as compared to other alternative approaches,Front Cardiovasc Med,2021,8,731639,34631831,10.3389/fcvm.2021.731639,real,,
R6,9,"Lederman RJ, Babaliaros VC, Lisko JC, Rogers T, Mahoney P, Foerst JR, et al.",Transcaval versus transaxillary TAVR in contemporary practice: a propensity-weighted analysis,JACC Cardiovasc Interv,2022,15,965-975,35512920,10.1016/j.jcin.2022.03.014,real,,
R6,10,"Rogers T, Greenbaum AB, Babaliaros VC, et al.",Dedicated closure device for transcaval access closure: from concept to first-in-human testing,JACC Cardiovasc Interv,2019,12,2198-2206,31629746,10.1016/j.jcin.2019.05.053,real,,
R6,11,"Lederman RJ, Greenbaum AB, Khan JM, Bruce CG, Babaliaros VC, Rogers T",Transcaval access and closure best practices,JACC Cardiovasc Interv,2023,16,371-395,36858658,10.1016/j.jcin.2022.12.005,real,,
R6,12,"Khan JM, Rogers T, Greenbaum AB, Babaliaros VC, Yildirim DK, Bruce CG, et al.",Transcatheter electrosurgery: JACC state-of-the-art review,J Am Coll Cardiol,2020,75,1455-1470,32216915,10.1016/j.jacc.2020.01.035,real,,
R6,13,"Uflacker A, Lim S, Ragosta M, Haskal ZJ, Harthun NL, Kern JA, et al.",Transcaval aortic access for percutaneous thoracic aortic aneurysm repair: initial human experience,J Vasc Interv Radiol,2015,26,1437-1441,26408210,10.1016/j.jvir.2015.07.024,real,,
R6,14,"Lederman RJ, O'Neill WW, Greenbaum AB",Transcaval access for TAVR across a polyester aortic graft,Catheter Cardiovasc Interv,2015,85,1270-1273,25510917,10.1002/ccd.25781,real,,
R6,15,"Sherwood M, Allen KB, Dahle TG, Devireddy CM, Gaca J, Garcia S, et al.",SCAI Expert Consensus Statement on Alternative Access for Transcatheter Aortic Valve Replacement,JSCAI,2025,4,102514,40231056,10.1016/j.jscai.2024.102514,real,,
R6,16,"Kappetein AP, Head SJ, G챕n챕reux P, Piazza N, van Mieghem NM, Blackstone EH, et al.",Updated standardized endpoint definitions for transcatheter aortic valve implantation: the Valve Academic Research Consortium-2 consensus document,J Am Coll Cardiol,2012,60,1438-1454,23036636,10.1016/j.jacc.2012.09.001,real,,
R6,17,"Leon MB, Smith CR, Mack M, Miller DC, Moses JW, Svensson LG, et al.",Transcatheter aortic-valve implantation for aortic stenosis in patients who cannot undergo surgery,N Engl J Med,2010,363,1597-1607,20961243,10.1056/NEJMoa1008232,real,,
R6,18,"Smith CR, Leon MB, Mack MJ, Miller DC, Moses JW, Svensson LG, et al.",Transcatheter versus surgical aortic-valve replacement in high-risk patients,N Engl J Med,2011,364,2187-2198,21639811,10.1056/NEJMoa1103510,real,,
R6,19,"Adams DH, Popma JJ, Reardon MJ, Yakubov SJ, Coselli JS, Deeb GM, et al.",Transcatheter aortic-valve replacement with a self-expanding prosthesis,N Engl J Med,2014,370,1790-1798,24678937,10.1056/NEJMoa1400590,real,,
R6,20,"Leon MB, Smith CR, Mack MJ, Makkar RR, Svensson LG, Kodali SK, et al.",Transcatheter or surgical aortic-valve replacement in intermediate-risk patients,N Engl J Med,2016,374,1609-1620,27040324,10.1056/NEJMoa1514616,real,,
R6,21,"Reardon MJ, Van Mieghem NM, Popma JJ, Kleiman NS, S첩ndergaard L, Mumtaz M, et al.",Surgical or transcatheter aortic-valve replacement in intermediate-risk patients,N Engl J Med,2017,376,1321-1331,28304219,10.1056/NEJMoa1700456,real,,
R6,22,"Mack MJ, Leon MB, Thourani VH, Makkar R, Kodali SK, Russo M, et al.",Transcatheter aortic-valve replacement with a balloon-expandable valve in low-risk patients,N Engl J Med,2019,380,1695-1705,30883058,10.1056/NEJMoa1814052,real,,
R6,23,"Popma JJ, Deeb GM, Yakubov SJ, Mumtaz M, Gada H, O'Hair D, et al.",Transcatheter aortic-valve replacement with a self-expanding valve in low-risk patients,N Engl J Med,2019,380,1706-1715,30883053,10.1056/NEJMoa1816885,real,,
R6,24,"Otto CM, Nishimura RA, Bonow RO, Carabello BA, Erwin JP 3rd, Gentile F, et al.",2020 ACC/AHA guideline for the management of patients with valvular heart disease,Circulation,2021,143,e72-e227,33332150,10.1161/CIR.0000000000000923,real,,
R6,25,"Vahanian A, Beyersdorf F, Praz F, Milojevic M, Baldus S, Bauersachs J, et al.",2021 ESC/EACTS Guidelines for the management of valvular heart disease,Eur Heart J,2022,43,561-632,34453165,10.1093/eurheartj/ehab395,real,,
R6,26,"G챕n챕reux P, Webb JG, Svensson LG, Kodali SK, Satler LF, Fearon WF, et al.",Vascular complications after transcatheter aortic valve replacement: insights from the PARTNER trial,J Am Coll Cardiol,2012,60,1043-1052,22883632,10.1016/j.jacc.2012.07.003,real,,
R6,27,"Mack MJ, Brennan JM, Brindis R, Carroll J, Edwards F, Grover F, et al.",Outcomes following transcatheter aortic valve replacement in the United States,JAMA,2013,310,2069-2077,24240934,10.1001/jama.2013.282043,real,,
R6,28,"Grover FL, Vemulapalli S, Carroll JD, Edwards FH, Mack MJ, Thourani VH, et al.",2016 Annual Report of The Society of Thoracic Surgeons/American College of Cardiology Transcatheter Valve Therapy Registry,J Am Coll Cardiol,2017,69,1215-1230,27956264,10.1016/j.jacc.2016.11.033,real,,
R6,29,"Carroll JD, Mack MJ, Vemulapalli S, Herrmann HC, Gleason TG, Hanzel G, et al.",STS-ACC TVT Registry of transcatheter aortic valve replacement,J Am Coll Cardiol,2020,76,2492-2516,33213729,10.1016/j.jacc.2020.09.595,real,,
R6,30,"Allen KB, Chhatriwalla AK, Cohen DJ, Saxon JT, Aggarwal S, Hart AJ, et al.",Alternative access options for transcatheter aortic valve replacement,JACC Cardiovasc Interv,2022,15,1615-1628,35981845,10.1016/j.jcin.2022.06.029,misattribution,,원 논문이 아닌 comment 의 pmid 를 찾았음. 
R7,1,"Moss AJ, Hall WJ, Cannom DS, Daubert JP, Higgins SL, Klein H, et al.",Improved survival with an implanted defibrillator in patients with coronary disease at high risk for ventricular arrhythmia. Multicenter Automatic Defibrillator Implantation Trial Investigators,N Engl J Med,1996,335,1933-1940,8960472,10.1056/NEJM199612263352601,real,,
R7,2,"Moss AJ, Zareba W, Hall WJ, Klein H, Wilber DJ, Cannom DS, et al.",Prophylactic implantation of a defibrillator in patients with myocardial infarction and reduced ejection fraction,N Engl J Med,2002,346,877-883,11907286,10.1056/NEJMoa013474,real,,
R7,3,"Bardy GH, Lee KL, Mark DB, Poole JE, Packer DL, Boineau R, et al.",Amiodarone or an implantable cardioverter-defibrillator for congestive heart failure,N Engl J Med,2005,352,225-237,15659722,10.1056/NEJMoa043399,real,,
R7,4,"Koneru JN, Jones PW, Hammill EF, Wold N, Ellenbogen KA.",Risk factors and temporal trends of complications associated with transvenous implantable cardiac defibrillator leads,J Am Heart Assoc,2018,7,e007691,29748178,10.1161/JAHA.117.007691,misattribution,,
R7,5,"Kirkfeldt RE, Johansen JB, Nohr EA, Moller M, Arnsbo P, Nielsen JC.","Risk factors for lead complications in cardiac pacing: a population-based cohort study of 28,860 Danish patients",Heart Rhythm,2011,8,1622-1628,21699827,10.1016/j.hrthm.2011.05.014,field_error,doi,
R7,6,"Olde Nordkamp LR, Knops RE, Bardy GH, Blaauw Y, Boersma LV, Bos JS, et al.","Rationale and design of the PRAETORIAN trial: a Prospective, RAndomizEd comparison of subcuTaneOus and tRansvenous ImplANtable cardioverter-defibrillator therapy",Am Heart J,2012,163,753-760.e2,22607851,10.1016/j.ahj.2012.02.012,real,,
R7,7,"Bardy GH, Smith WM, Hood MA, Crozier IG, Melton IC, Jordaens L, et al.",An entirely subcutaneous implantable cardioverter-defibrillator,N Engl J Med,2010,363,36-44,20463331,10.1056/NEJMoa0909545,real,,
R7,8,"Tereshchenko SN, et al.",An Entirely Subcutaneous Implantable Cardioverter-Defibrillator (correspondence),N Engl J Med,2010,363,1286-1287,20860519,10.1056/NEJMc1008499,misattribution,"author, page, pmid",misattribution 이기도 하면서 field-error 이기도 함. 
R7,9,"Olde Nordkamp LR, Dabiri Abkenari L, Boersma LV, Maass AH, de Groot JR, van Oostrom AJ, et al.",The entirely subcutaneous implantable cardioverter-defibrillator: initial clinical experience in a large Dutch cohort,J Am Coll Cardiol,2012,60,1933-1939,23062537,10.1016/j.jacc.2012.06.053,real,,
R7,10,"Jarman JW, Lascelles K, Wong T, Markides V, Clague JR, Till J.",Clinical experience of entirely subcutaneous implantable cardioverter-defibrillators in children and adults: cause for caution,Eur Heart J,2012,33,1351-1359,22408031,10.1093/eurheartj/ehs017,real,,
R7,11,"Lambiase PD, Barr C, Theuns DA, Knops R, Neuzil P, Johansen JB, et al.",Worldwide experience with a totally subcutaneous implantable defibrillator: early results from the EFFORTLESS S-ICD Registry,Eur Heart J,2014,35,1657-1665,24670710,10.1093/eurheartj/ehu112,real,,
R7,12,"Boersma L, Barr C, Knops R, Theuns D, Eckardt L, Neuzil P, et al.",Implant and midterm outcomes of the subcutaneous implantable cardioverter-defibrillator registry: the EFFORTLESS study,J Am Coll Cardiol,2017,70,830-841,28797351,10.1016/j.jacc.2017.06.040,real,,
R7,13,"Burke MC, Gold MR, Knight BP, Barr CS, Theuns DA, Boersma LV, et al.",Safety and efficacy of the totally subcutaneous implantable defibrillator: 2-year results from a pooled analysis of the IDE study and EFFORTLESS registry,J Am Coll Cardiol,2015,65,1605-1615,25908064,10.1016/j.jacc.2015.02.047,real,,
R7,14,"Lambiase PD, Theuns DA, Murgatroyd F, Barr C, Eckardt L, Neuzil P, et al.",Subcutaneous implantable cardioverter-defibrillators: long-term results of the EFFORTLESS study,Eur Heart J,2022,43,2037-2050,35090007,10.1093/eurheartj/ehab921,real,,
R7,15,"Knops RE, Olde Nordkamp LRA, Delnoy PPHM, Boersma LVA, Kuschyk J, El-Chami MF, et al.",Subcutaneous or transvenous defibrillator therapy,N Engl J Med,2020,383,526-536,32757521,10.1056/NEJMoa1915932,real,,
R7,16,"Knops RE, Pepplinkhuizen S, Mulder BA, van der Stuijt W, Beurskens NEG, Lambiase PD, et al.",Device-related complications in subcutaneous versus transvenous ICD: a secondary analysis of the PRAETORIAN trial,Eur Heart J,2022,43,4872-4883,36030464,10.1093/eurheartj/ehac496,field_error,author,
R7,17,"Pepplinkhuizen S, Smeding L, van der Stuijt W, Beurskens NEG, Quast ABE, Wilde AAM, et al.",Device-related complications in transvenous versus subcutaneous defibrillator therapy during long-term follow-up: the PRAETORIAN-XL trial,Circulation,2025,152,,40679067,10.1161/CIRCULATIONAHA.125.074576,misattribution,"author, page, pmid",misattribution 이기도 하면서 field-error 이기도 함. 
R7,18,"Healey JS, Krahn AD, Bashir J, Amit G, Philippon F, McIntyre WF, et al.","Perioperative safety and early patient and device outcomes among subcutaneous versus transvenous implantable cardioverter defibrillator implantations: a randomized, multicenter trial",Ann Intern Med,2022,175,1658-1665,36343346,10.7326/M22-1566,real,,
R7,19,"Mondesert B, Bashir J, Philippon F, Dubuc M, Amit G, Exner D, et al.",Rationale and design of the randomized prospective ATLAS study: Avoid Transvenous Leads in Appropriate Subjects,Am Heart J,2019,207,1-9,30399474,10.1016/j.ahj.2018.09.008,real,,
R7,20,"Carroll SL, Mondesert B, Krahn AD, Bashir JG, Fisher K, Nair K, et al.",Device-specific quality of life: results from the ATLAS trial___void transvenous leads in appropriate subjects,Eur J Cardiovasc Nurs,2024,23,877-885,38591770,10.1093/eurjcn/zvae067,misattribution,,
R7,21,"Fong KY, Ng CJR, Wang Y, Yeo C, Tan VH.",Subcutaneous versus transvenous implantable defibrillator therapy: a systematic review and meta-analysis of randomized trials and propensity score-matched studies,J Am Heart Assoc,2022,11,e024756,35624081,10.1161/JAHA.121.024756,misattribution,,
R7,22,"Brouwer TF, Yilmaz D, Lindeboom R, Buiten MS, Olde Nordkamp LR, Schalij MJ, et al.",Long-term clinical outcomes of subcutaneous versus transvenous implantable defibrillator therapy,J Am Coll Cardiol,2016,68,2047-2055,27810043,10.1016/j.jacc.2016.08.044,real,,
R7,23,"Al-Khatib SM, Stevenson WG, Ackerman MJ, Bryant WJ, Callans DJ, Curtis AB, et al.",2017 AHA/ACC/HRS guideline for management of patients with ventricular arrhythmias and the prevention of sudden cardiac death,Circulation,2018,138,e210-e271,29084733,10.1161/CIR.0000000000000549,field_error,doi,
R7,24,"Gold MR, Lambiase PD, El-Chami MF, Knops RE, Aasbo JD, Bongiorni MG, et al.",Primary results from the Understanding Outcomes with the S-ICD in Primary Prevention Patients with Low Ejection Fraction (UNTOUCHED) trial,Circulation,2021,143,7-17,33073614,10.1161/CIRCULATIONAHA.120.048728,real,,
R7,25,"Boersma LV, El-Chami MF, Bongiorni MG, Burke MC, Knops RE, Aasbo JD, et al.",Understanding Outcomes with the EMBLEM S-ICD in Primary Prevention Patients with Low EF Study (UNTOUCHED): clinical characteristics and perioperative results,Heart Rhythm,2019,16,1636-1644,31082539,10.1016/j.hrthm.2019.04.048,real,,
R7,26,"Weiss R, Knight BP, Gold MR, Leon AR, Herre JM, Hood M, et al.",Safety and efficacy of a totally subcutaneous implantable-cardioverter defibrillator,Circulation,2013,128,944-953,23979626,10.1161/CIRCULATIONAHA.113.003042,real,,
R7,27,"Moss AJ, Schuger C, Beck CA, Brown MW, Cannom DS, Daubert JP, et al.",Reduction in inappropriate therapy and mortality through ICD programming,N Engl J Med,2012,367,2275-2283,23131066,10.1056/NEJMoa1211107,real,,
R7,28,"Quast ABE, Baalman SWE, Brouwer TF, Smeding L, Wilde AAM, Burke MC, et al.",A novel tool to evaluate the implant position and predict defibrillation success of the subcutaneous implantable cardioverter-defibrillator: the PRAETORIAN score,Heart Rhythm,2019,16,403-410,30292861,10.1016/j.hrthm.2018.09.029,real,,
R7,29,"Quast ABE, Wilde AAM, Knops RE.",Rationale and design of the PRAETORIAN-DFT trial: a prospective randomized CompArative trial of SubcutanEous ImplanTable CardiOverter-DefibrillatoR ImplANtation with and without DeFibrillation testing,Am Heart J,2019,214,167-174,31202100,10.1016/j.ahj.2019.05.002,misattribution,author,misattribution 이기도 하면서 field-error 이기도 함. 
R7,30,"Friedman P, Murgatroyd F, Boersma LVA, Manlucu J, O'Donnell D, Knight BP, et al.",Efficacy and safety of an extravascular implantable cardioverter-defibrillator,N Engl J Med,2022,387,1292-1302,36036522,10.1056/NEJMoa2206485,real,,
R8,1,"Cribier A, Eltchaninoff H, Bash A, et al.",Percutaneous transcatheter implantation of an aortic valve prosthesis for calcific aortic stenosis: first human case description,Circulation,2002,106,3006-3008,12473543,10.1161/01.CIR.0000047200.36165.B8,real,,
R8,2,"Leon MB, Smith CR, Mack M, et al.",Transcatheter aortic-valve implantation for aortic stenosis in patients who cannot undergo surgery,N Engl J Med,2010,363,1597-1607,20961243,10.1056/NEJMoa1008232,real,,
R8,3,"Smith CR, Leon MB, Mack MJ, et al.",Transcatheter versus surgical aortic-valve replacement in high-risk patients,N Engl J Med,2011,364,2187-2198,21639811,10.1056/NEJMoa1103510,real,,
R8,4,"Adams DH, Popma JJ, Reardon MJ, et al.",Transcatheter aortic-valve replacement with a self-expanding prosthesis,N Engl J Med,2014,370,1790-1798,24678937,10.1056/NEJMoa1400590,real,,
R8,5,"Mack MJ, Leon MB, Smith CR, et al.",5-year outcomes of transcatheter aortic valve replacement or surgical aortic valve replacement for high surgical risk patients with aortic stenosis (PARTNER 1): a randomised controlled trial,Lancet,2015,385,2477-2484,25788234,10.1016/S0140-6736(15)60308-7,real,,
R8,6,"Leon MB, Smith CR, Mack MJ, et al.",Transcatheter or surgical aortic-valve replacement in intermediate-risk patients,N Engl J Med,2016,374,1609-1620,27040324,10.1056/NEJMoa1514616,real,,
R8,7,"Mack MJ, Leon MB, Thourani VH, et al.",Transcatheter aortic-valve replacement with a balloon-expandable valve in low-risk patients,N Engl J Med,2019,380,1695-1705,30883058,10.1056/NEJMoa1814052,real,,
R8,8,"Popma JJ, Deeb GM, Yakubov SJ, et al.",Transcatheter aortic-valve replacement with a self-expanding valve in low-risk patients,N Engl J Med,2019,380,1706-1715,30883053,10.1056/NEJMoa1816885,real,,
R8,9,"Greenbaum AB, O'Neill WW, Paone G, et al.",Caval-aortic access to allow transcatheter aortic valve replacement in otherwise ineligible patients: initial human experience,J Am Coll Cardiol,2014,63,2795-2804,24814495,10.1016/j.jacc.2014.04.015,real,,
R8,10,"Lederman RJ, Chen MY, Rogers T, Wang DD, Paone G, Guerrero M, O'Neill WW, Greenbaum AB",Planning transcaval access using CT for large transcatheter implants,JACC Cardiovasc Imaging,2014,7,1167-1171,25459598,10.1016/j.jcmg.2014.05.015,real,,
R8,11,"Lederman RJ, O'Neill WW, Greenbaum AB",Transcaval access for TAVR across a polyester aortic graft,Catheter Cardiovasc Interv,2015,85,1270-1273,25510917,10.1002/ccd.25781,real,,
R8,12,"Lederman RJ, Babaliaros VC, Greenbaum AB",How to perform transcaval access and closure for transcatheter aortic valve implantation,Catheter Cardiovasc Interv,2015,86,1242-1254,26356244,10.1002/ccd.26141,real,,
R8,13,"Greenbaum AB, Babaliaros VC, Chen MY, et al.",Transcaval access and closure for transcatheter aortic valve replacement: a prospective investigation,J Am Coll Cardiol,2017,69,511-521,27989885,10.1016/j.jacc.2016.10.024,real,,
R8,14,"Lederman RJ, Greenbaum AB, Rogers T, Khan JM, Fusari M, Chen MY",Anatomic suitability for transcaval access based on computed tomography,JACC Cardiovasc Interv,2017,10,1-10,28057275,10.1016/j.jcin.2016.09.002,real,,
R8,15,"Singh V, Martinez-Clark PO, Cadena J, Gallegos C, Dager A, Guerrero M, O'Neill WW",Transcaval transcatheter aortic valve implantation for severe aortic insufficiency,Circ Cardiovasc Interv,2014,7,723-725,25336606,10.1161/CIRCINTERVENTIONS.114.001641,real,,
R8,16,"Fanari Z, Al-Akchar M, Mahmaljy H, Goel S, Goswami NJ",Transcatheter aortic valve replacement through transcaval aortic access in a patient with duplicated inferior vena cava and poor iliofemoral anatomy,Cardiovasc Revasc Med,2017,18,604-606,28774836,10.1016/j.carrev.2017.06.011,real,,
R8,17,"Wee IJY, Syn N, Choong AMTL",Transcaval approach for endovascular aortic interventions: A systematic review,J Cardiol,2018,72,369-376,29804907,10.1016/j.jjcc.2018.04.009,real,,
R8,18,"Lederman RJ, Babaliaros VC, Rogers T, et al.",The fate of transcaval access tracts: 12-month results of the prospective NHLBI transcaval transcatheter aortic valve replacement study,JACC Cardiovasc Interv,2019,12,448-456,30846083,10.1016/j.jcin.2018.11.035,real,,
R8,19,"Rogers T, Greenbaum AB, Babaliaros VC, et al.",Dedicated closure device for transcaval access closure: from concept to first-in-human testing,JACC Cardiovasc Interv,2019,12,2198-2206,31629746,10.1016/j.jcin.2019.05.053,real,,
R8,20,"Lederman RJ, Babaliaros VC, Lisko JC, et al.",Transcaval versus transaxillary TAVR in contemporary practice: a propensity-weighted analysis,JACC Cardiovasc Interv,2022,15,965-975,35512920,10.1016/j.jcin.2022.03.014,real,,
R8,21,"Van Mieghem NM, Tijssen J",Alternative access for TAVR: see the forest for the trees,JACC Cardiovasc Interv,2022,15,976-978,35512921,10.1016/j.jcin.2022.04.001,real,,
R8,22,"Long A, Mahoney P",Comparative intermediate-term outcomes of subclavian and transcaval access for transcatheter aortic valve replacement,J Invasive Cardiol,2020,32,463-469,32911463,10.25270/jic/20.00187,real,,
R8,23,"Barbash IM, Segev A, Berkovitch A, Fefer P, Maor E, Elian D, Regev E, Guetta V",Clinical outcome and safety of transcaval access for transcatheter aortic valve replacement as compared to other alternative approaches,Front Cardiovasc Med,2021,8,731639,34631831,10.3389/fcvm.2021.731639,real,,
R8,24,"Salihu A, Ferlay C, Kirsch M, et al.",Outcomes and safety of transcaval transcatheter aortic valve replacement: a systematic review and meta-analysis,Can J Cardiol,2024,40,2054-2062,38797283,10.1016/j.cjca.2024.05.016,real,,
R8,25,"Abraham B, Sous M, Kaldas S, et al.",Transcaval access for transcatheter aortic valve implantation: A meta-analysis and systematic review,Int J Cardiol,2025,419,132720,39537103,10.1016/j.ijcard.2024.132720,real,,
R8,26,"Lederman RJ, Greenbaum AB, Khan JM, Bruce CG, Babaliaros VC, Rogers T",Transcaval access and closure best practices,JACC Cardiovasc Interv,2023,16,371-395,36858658,10.1016/j.jcin.2022.12.005,real,,
R8,27,"Mohammed M, Al-Darzi W, Jabri A, et al.",Safety and feasibility of transcaval access for the delivery of Impella microaxial flow pump,J Soc Cardiovasc Angiogr Interv,2025,4,103789,41268072,10.1016/j.jscai.2025.103789,real,,
R8,28,"Doyle CJ, Casserly IP",Transcaval transcatheter aortic valve implantation via left-sided venous access,EuroIntervention,2025,21,e709-e710,40522301,10.4244/EIJ-D-24-00795,real,,
R8,29,"Sherwood M, Allen KB, Dahle TG, et al.",SCAI Expert Consensus Statement on Alternative Access for Transcatheter Aortic Valve Replacement,J Soc Cardiovasc Angiogr Interv,2025,4,102514,40231056,10.1016/j.jscai.2024.102514,real,,
R8,30,"Genereux P, Piazza N, Alu MC, et al.",Valve Academic Research Consortium 3: updated endpoint definitions for aortic valve clinical research,J Am Coll Cardiol,2021,77,2717-2746,34016482,10.1016/j.jacc.2021.02.038,misattribution,,
R9,1,"Capodanno D, Gori T, Nef H, et al.",Percutaneous coronary intervention with everolimus-eluting bioresorbable vascular scaffolds in routine clinical practice: early and midterm outcomes from the European multicentre GHOST-EU registry,EuroIntervention,2015,10,1144-1153,24694928,10.4244/EIJY14M07_11,misattribution,,
R9,2,"Ellis SG, Kereiakes DJ, Metzger DC, et al.",Everolimus-Eluting Bioresorbable Scaffolds for Coronary Artery Disease,N Engl J Med,2015,373,1905-1915,26457558,10.1056/NEJMoa1509038,real,,
R9,3,"Dudek D, Onuma Y, Ormiston JA, Thuesen L, Miquel-Hebert K, Serruys PW.",Four-year clinical follow-up of the ABSORB everolimus-eluting bioresorbable vascular scaffold in patients with de novo coronary artery disease: the ABSORB trial,EuroIntervention,2012,7,1060-1061,22197label,10.4244/EIJV7I9A168,misattribution,,
R9,4,"Ormiston JA, Serruys PW, Regar E, et al.",A bioabsorbable everolimus-eluting coronary stent system for patients with single de-novo coronary artery lesions (ABSORB): a prospective open-label trial,Lancet,2008,371,899-907,18342684,10.1016/S0140-6736(08)60415-8,real,,
R9,5,"Serruys PW, Ormiston JA, Onuma Y, et al.",A bioabsorbable everolimus-eluting coronary stent system (ABSORB): 2-year outcomes and results from multiple imaging methods,Lancet,2009,373,897-910,19286089,10.1016/S0140-6736(09)60325-1,real,,
R9,6,"Serruys PW, Chevalier B, Dudek D, et al.",A bioresorbable everolimus-eluting scaffold versus a metallic everolimus-eluting stent for ischaemic heart disease caused by de-novo native coronary artery lesions (ABSORB II): an interim 1-year analysis of clinical and procedural secondary outcomes from a randomised controlled trial,Lancet,2015,385,43-54,25230593,10.1016/S0140-6736(14)61455-0,real,,
R9,7,"Gao R, Yang Y, Han Y, et al.",Bioresorbable Vascular Scaffolds Versus Metallic Stents in Patients With Coronary Artery Disease: ABSORB China Trial,J Am Coll Cardiol,2015,66,2298-2309,26471805,10.1016/j.jacc.2015.09.054,real,,
R9,8,"Kimura T, Kozuma K, Tanabe K, et al.",A randomized trial evaluating everolimus-eluting Absorb bioresorbable scaffolds vs. everolimus-eluting metallic stents in patients with coronary artery disease: ABSORB Japan,Eur Heart J,2015,36,3332-3342,26330417,10.1093/eurheartj/ehv435,misattribution,,
R9,9,"Ellis SG, Kereiakes DJ, Metzger DC, et al.",Everolimus-Eluting Bioresorbable Scaffolds for Coronary Artery Disease,N Engl J Med,2015,373,1905-1915,26457558,10.1056/NEJMoa1509038,real,,
R9,10,"Stone GW, Gao R, Kimura T, et al.","1-year outcomes with the Absorb bioresorbable scaffold in patients with coronary artery disease: a patient-level, pooled meta-analysis",Lancet,2016,387,1277-1289,26825231,10.1016/S0140-6736(15)01039-9,real,,
R9,11,"Kereiakes DJ, Ellis SG, Metzger DC, et al.",Clinical Outcomes Before and After Complete Everolimus-Eluting Bioresorbable Scaffold Resorption: Five-Year Follow-Up From the ABSORB III Trial,Circulation,2019,140,1895-1903,31553222,10.1161/CIRCULATIONAHA.119.042584,real,,
R9,12,"Cassese S, Byrne RA, Ndrepepa G, et al.",Everolimus-eluting bioresorbable vascular scaffolds versus everolimus-eluting metallic stents: a meta-analysis of randomised controlled trials,Lancet,2016,387,537-544,26597771,10.1016/S0140-6736(15)00979-4,real,,
R9,13,"Wykrzykowska JJ, Kraak RP, Hofma SH, et al.",Bioresorbable Scaffolds versus Metallic Stents in Routine PCI,N Engl J Med,2017,376,2319-2328,28402237,10.1056/NEJMoa1614954,real,,
R9,14,"Kerkmeijer LSM, Tijssen RYG, Hofma SH, et al.",Long-term clinical outcomes of everolimus-eluting bioresorbable scaffolds versus everolimus-eluting stents: final five-year results of the AIDA randomised clinical trial,EuroIntervention,2022,17,1340-1347,34483097,10.4244/EIJ-D-21-00419,misattribution,author,
R9,15,"Kereiakes DJ, Ellis SG, Metzger C, et al.",3-Year Clinical Outcomes With Everolimus-Eluting Bioresorbable Coronary Scaffolds: The ABSORB III Trial,J Am Coll Cardiol,2017,70,2852-2862,29100702,10.1016/j.jacc.2017.10.010,real,,
R9,16,"Stone GW, Kimura T, Gao R, et al.",Mid-term and long-term safety and efficacy of bioresorbable vascular scaffolds versus metallic everolimus-eluting stents in coronary artery disease: a weighted meta-analysis of seven randomised controlled trials including 5577 patients,Neth Heart J,2017,25,525-538,28681264,10.1007/s12471-017-1008-x,misattribution,"author, page, pmid",misattribution 이기도 하면서 field-error 이기도 함. 
R9,17,"Ali ZA, Serruys PW, Kimura T, et al.",2-year outcomes with the Absorb bioresorbable scaffold for treatment of coronary artery disease: a systematic review and meta-analysis of seven randomised trials with an individual patient data substudy,Lancet,2017,390,760-772,28732815,10.1016/S0140-6736(17)31470-8,real,,
R9,18,"Ali ZA, Gao R, Kimura T, et al.",Three-Year Outcomes With the Absorb Bioresorbable Scaffold: Individual-Patient-Data Meta-Analysis From the ABSORB Randomized Trials,Circulation,2018,137,464-479,29089314,10.1161/CIRCULATIONAHA.117.031843,real,,
R9,19,"Mahmoud AN, Barakat AF, Elgendy AY, et al.",Long-Term Efficacy and Safety of Everolimus-Eluting Bioresorbable Vascular Scaffolds Versus Everolimus-Eluting Metallic Stents: A Meta-Analysis of Randomized Trials,Circ Cardiovasc Interv,2017,10,e005286,28468954,10.1161/CIRCINTERVENTIONS.117.005286,real,,
R9,20,"Stone GW, Kereiakes DJ, Gao R, et al.",Early and Late Outcomes With the Absorb Bioresorbable Vascular Scaffold: Final Report From the ABSORB Clinical Trial Program,JACC Cardiovasc Interv,2025,18,1-13,39818657,10.1016/j.jcin.2024.10.046,misattribution,"author, page, pmid, doi",misattribution 이기도 하면서 field-error 이기도 함. 
R9,21,"Stone GW, Kimura T, Gao R, et al.",Time-Varying Outcomes With the Absorb Bioresorbable Vascular Scaffold During 5-Year Follow-up: A Systematic Meta-analysis and Individual Patient Data Pooled Study,JAMA Cardiol,2019,4,1261-1269,31562507,10.1001/jamacardio.2019.4101,misattribution,,
R9,22,"Lipinski MJ, Escarcega RO, Baker NC, et al.",Scaffold Thrombosis After Percutaneous Coronary Intervention With ABSORB Bioresorbable Vascular Scaffold: A Systematic Review and Meta-Analysis,JACC Cardiovasc Interv,2016,9,12-24,26762904,10.1016/j.jcin.2015.09.024,misattribution,,
R9,23,"Stone GW, Abizaid A, Onuma Y, et al.",Effect of Technique on Outcomes Following Bioresorbable Vascular Scaffold Implantation: Analysis From the ABSORB Trials,J Am Coll Cardiol,2017,70,2863-2874,29100703,10.1016/j.jacc.2017.09.1106,misattribution,,
R9,24,"Puricel S, Cuculi F, Weissner M, et al.","Bioresorbable Coronary Scaffold Thrombosis: Multicenter Comprehensive Analysis of Clinical Presentation, Mechanisms, and Predictors",J Am Coll Cardiol,2016,67,921-931,26916481,10.1016/j.jacc.2015.12.019,real,,
R9,25,"Stone GW, Ellis SG, Gori T, et al.",5-Year Outcomes After Bioresorbable Coronary Scaffolds Implanted With Improved Technique,J Am Coll Cardiol,2023,82,183-195,37438008,10.1016/j.jacc.2023.05.003,misattribution,author,misattribution 이기도 하면서 field-error 이기도 함. 
R9,26,"Stone GW, Ellis SG, Gori T, et al.",Blinded outcomes and angina assessment of coronary bioresorbable scaffolds: 30-day and 1-year results from the ABSORB IV randomised trial,Lancet,2018,392,1530-1540,30266412,10.1016/S0140-6736(18)32283-9,real,,
R9,27,"Smits PC, Chang CC, Chevalier B, et al.",Bioresorbable vascular scaffold versus metallic drug-eluting stent in patients at high risk of restenosis: the COMPARE-ABSORB randomised clinical trial,EuroIntervention,2020,16,645-653,32398201,10.4244/EIJ-D-19-01079,misattribution,,
R9,28,"Kerkmeijer LSM, Tijssen RYG, Hofma SH, et al.",Comparison of an everolimus-eluting bioresorbable scaffold with an everolimus-eluting metallic stent in routine PCI: three-year clinical outcomes from the AIDA trial,EuroIntervention,2019,15,603-606,31147304,10.4244/EIJ-D-19-00325,real,,
R9,29,"Haude M, Ince H, Abizaid A, et al.","Safety and performance of the second-generation drug-eluting absorbable metal scaffold in patients with de-novo coronary artery lesions (BIOSOLVE-II): 6 month results of a prospective, multicentre, non-randomised, first-in-man trial",Lancet,2016,387,31-39,26470647,10.1016/S0140-6736(15)00447-X,real,,
R9,30,"Haude M, Wlodarczak A, van der Schaaf RJ, et al.",A new resorbable magnesium scaffold for de novo coronary lesions (DREAMS 3): one-year results of the BIOMAG-I first-in-human study,EuroIntervention,2023,19,e414-e422,37334655,10.4244/EIJ-D-23-00326,real,,
